9/7/2023 10:57:47,Bhavya,Tanugula,Art,I was born in Denmark. 
9/7/2023 10:58:04,Ram,Talla,Basketball,I like to roller skate.
9/7/2023 10:58:33,Ibrahim,Yousuf,Soccer,I have a pet parrot.
9/7/2023 10:58:38,Vaibhavi,Srivastava,Sleep,I like to go hiking.
9/7/2023 10:58:48,Arushi,Ravula,Netflix,I love to travel.
9/7/2023 10:59:05,Shrihith,Manoj,Trumpet,I like to watch soccer and my favorite player is Messi.
9/7/2023 10:59:05,Simarbir,Gill ,Trumpet,I like to watch TV and films and my favorite show is House MD
9/7/2023 10:59:55,Vignesh,Saravanakumar,Chess,I am ranked 99.4th percentile in 1 minute chess. 
9/7/2023 11:00:02,Amar,Sheth,Beach,My favorite book series is Percy Jackson
9/7/2023 11:00:16,Swasti,Srivastava,Field-Hockey,I am Swasti I would like to stay mysterious.
9/7/2023 11:00:50,Krish,Renjen,Planes,I want to be able to fly a plane when I'm older.
9/7/2023 11:01:09,Tejas,Raghuram,Cricket,I enjoy watching movies in my free time.
9/7/2023 11:01:21,Adi,Suri,Music,I like to listen to and play music
9/7/2023 11:01:28,Codey,Sheng,Dog,I am Chinese
9/7/2023 11:01:38,Rehan,Shah,I like mario,I dont like writing
9/7/2023 11:01:41,Arav,Ravula,Music,Chipotle is my favorite place to eat.
9/7/2023 11:01:42,Aryan,Kashyap,USA,I am in room 311 block 3A in Data Structures with Mr. Haver!
9/7/2023 11:01:50,Ayush,Sankaran,Basketball,My favorite vacation spot is Hawaii.
9/7/2023 11:01:51,Diya,Shah,Food,"I have ten fingers, two eyes, and one nose."
9/7/2023 11:01:55,Shreyas,Yellenki,Food,My favorite movie is Inception
9/7/2023 11:01:58,Esha,Vigneswaran,Nature,I am 17 years old.
9/7/2023 11:02:07,Trisha,Reddy,Basketball,I am left handed.
9/7/2023 11:02:32,Aarnav,Srivastava,Aquariums,I can code pretty decently
9/7/2023 11:02:35,Aarav,Samal,teaching,I can code pretty decently
9/7/2023 11:02:35,Rino Genistus,Ruban,Basketball,I can code pretty decently
9/7/2023 11:03:29,Anant,Chary,Nature,I am in CS Academy Cohort 1
9/7/2023 11:04:41,Aarav,Yadav,Music,I have a dog 
9/7/2023 11:04:44,Puneet,Yengala,Basketball,I love listening to rap/R&B